{"stats":{"minecraft:picked_up":{"minecraft:repeater":2,"minecraft:lever":2,"minecraft:redstone":1},"minecraft:used":{"minecraft:redstone_torch":2,"minecraft:item_frame":10,"minecraft:glass":69,"minecraft:dark_oak_planks":1257,"minecraft:lever":33,"minecraft:black_concrete":89,"minecraft:repeater":70,"minecraft:redstone_lamp":32,"minecraft:light_gray_stained_glass":2,"minecraft:yellow_stained_glass":7,"minecraft:light_gray_stained_glass_pane":3,"minecraft:blue_stained_glass":12,"minecraft:birch_planks":60,"minecraft:heavy_weighted_pressure_plate":2,"minecraft:red_concrete":91,"minecraft:red_stained_glass":14,"minecraft:dark_oak_fence":56,"minecraft:redstone":76,"minecraft:oak_planks":15,"minecraft:oak_sign":4,"minecraft:white_concrete":88,"minecraft:redstone_block":10,"minecraft:iron_door":18},"minecraft:custom":{"minecraft:time_since_rest":115011,"minecraft:play_one_minute":115011,"minecraft:crouch_one_cm":25652,"minecraft:sprint_one_cm":11027,"minecraft:walk_one_cm":335086,"minecraft:sneak_time":6036,"minecraft:jump":325,"minecraft:leave_game":3,"minecraft:time_since_death":115011,"minecraft:fly_one_cm":221273}},"DataVersion":2584}